,title,views,topics,publishedAt
0,Axis Bank | Finding the familiar in the new | 30 Sec,59803294,"['Entertainment', 'Society', 'Knowledge']",2023-03-10T06:46:42Z
1,Gaslight | Official Trailer | Sara Ali Khan | Vikrant Massey | Chitrangada Singh,56179178,"['Movies', 'TV shows', 'Entertainment']",2023-03-14T08:43:17Z
2,Bholaa Official Trailer | Ajay Devgn | Tabu | Bholaa In IMAX 3D | 30th March 2023,47115319,"['Entertainment', 'Movies']",2023-03-06T08:49:00Z
3,NMIXX &quot;Love Me Like This&quot; M/V,46085530,"['Pop music', 'Entertainment', 'Music of Asia', 'Music']",2023-03-20T09:00:07Z
4,Tere Mere Song | Javed-Mohsin | Stebin Ben | Asees Kaur | Rashmi Virag | Gurmeet &amp; Tridha | Ashish P,34146614,"['Music', 'Music of Asia']",2023-03-16T05:30:01Z
5,"Aadha Main Aadhi Vo | Bholaa: Ajay Devgn, Tabu | B Praak, Irshad Kamil, Ravi Basrur | Bhushan Kumar",33087032,"['Music', 'Entertainment', 'Music of Asia', 'TV shows']",2023-03-15T09:45:02Z
6,"TATA IPL 2023 | Virat Roars! Shor On, Game On",32769806,"['Entertainment', 'Sports', 'Cricket', 'Lifestyle']",2023-03-20T12:37:31Z
7,Teri Ashhiqui Ne Maara 2.0 (Studio Version)|Himesh Ke Dil Se The Album|Himesh Reshammiya| Amarjeet |,30916553,"['Music', 'Music of Asia']",2023-03-12T07:30:15Z
8,"Aalam Na Poocho - Bad Boy | Namashi C, Amrin Q | Payal Dev, Raj Barman, Aakritti, Himesh R, Shabbir",29177313,"['Music', 'Music of Asia', 'Movies', 'Entertainment']",2023-03-20T06:30:22Z
9,ABC Song|Nursery Rhymes and Kids Songs|#abcdsong #abcd #nurseryrhymes #youtubeshorts #viralvideo,27737615,"['Music', 'Entertainment', 'Movies']",2023-02-26T12:29:05Z
10,Deewaane (Selfiee) - Akshay K | Jacqueline F | Emraan H | Aditya Y | Stebin B | Tanishk B | Kunaal V,26482945,"['Music of Asia', 'Music', 'Entertainment']",2023-03-03T06:58:06Z
11,Tere Bin Ep 23 - [Eng Sub] - Digitally Presented by Nisa Hair Removal Cream- Yumna Zaidi - Wahaj Ali,26473578,"['Entertainment', 'TV shows', 'Movies']",2023-03-15T16:00:16Z
12,ŸÅŸÜ ŸàÿµŸÜÿßÿπÿßÿ™ ÿµÿ® ÿπŸÑŸä ÿßŸÑÿ±ŸÖÿßŸÑ,26304508,"['Hobby', 'Lifestyle']",2023-02-26T09:19:23Z
13,Tere Bin Ep 24 - [Eng Sub] - Digitally Presented by Jhalak Beauty Cream - Yumna Zaidi - Wahaj Ali,25995466,"['Entertainment', 'TV shows', 'Movies']",2023-03-16T16:00:07Z
14,"O Bedardeya (Song) Tu Jhoothi Main Makkaar | Ranbir, Shraddha | Pritam | Arijit Singh | Amitabh B",24366826,"['Music', 'Entertainment', 'TV shows', 'Music of Asia']",2023-03-04T10:57:13Z
15,"Airtel 5G Plus: Superfast speeds, now on the go.",25683882,,2023-03-16T10:26:52Z
16,A beautiful moment in life #777 - #shorts,23140521,['Lifestyle'],2023-02-26T05:20:00Z
17,Maine Pi Rakhi Hai (Song) Tu Jhoothi Main Makkaar: Ranbir Shraddha Pritam Shreya G Divya K Amitabh B,21954074,"['Music', 'Entertainment', 'Music of Asia', 'TV shows']",2023-03-10T16:36:30Z
18,Here&#39;s the latest in Android Developers this month!,24752334,"['Lifestyle', 'Technology', 'Knowledge']",2023-03-09T19:24:32Z
19,Tere Bin Ep 25 - [Eng Sub] - Digitally Presented by Nisa BB Cream - Yumna Zaidi - Wahaj Ali,20473631,"['Entertainment', 'TV shows', 'Movies']",2023-03-22T16:01:20Z
20,"Chor Nikal Ke Bhaga | Yami Gautam, Sunny Kaushal, Sharad Kelkar | Official Trailer | Netflix India",20093892,"['Entertainment', 'Movies', 'TV shows']",2023-03-04T13:38:29Z
21,Tere Bin Ep 26 - [Eng Sub] - Digitally Presented by Jhalak Beauty Cream - Yumna Zaidi - Wahaj Ali,19011650,"['TV shows', 'Movies', 'Entertainment']",2023-03-23T16:00:21Z
22,Frevolution 5G | Galaxy F14 5G with Frevolutionary Performance | Samsung,21193627,"['Lifestyle', 'Technology']",2023-03-24T09:51:19Z
23,Oscars: RRR&#39;s Naatu Naatu Honored With EPIC Performance,18476801,"['Entertainment', 'TV shows', 'Movies']",2023-03-13T07:15:00Z
24,A beautiful moment in life #778 - #shorts,14721573,['Lifestyle'],2023-02-26T09:20:00Z
25,Whisper Presents The Missing Chapter ‚Äì For Moms | Keep Girls In School (Hindi),14874094,"['Health', 'Lifestyle']",2023-03-03T05:22:28Z
26,Mujhe Pyaar Hua Tha Ep 14 |Digitally Presented by Surf Excel &amp; Glow &amp; Lovely (Eng Sub)-13 March 2023,14010755,"['Entertainment', 'Movies', 'TV shows']",2023-03-13T16:00:08Z
27,Dil Hai Bholaa | Ajay Devgn | Tabu | Amit Mishra | Irshad K | Ravi B | Bholaa On 30th March,13927454,"['Music', 'Music of Asia']",2023-03-24T06:20:07Z
28,Dasara Trailer | Nani | Keerthy Suresh | Santhosh  Narayanan | Srikanth Odela | SLV Cinemas,13280723,"['Entertainment', 'Movies']",2023-03-14T11:29:02Z
29,"Smart Appliances!ü§©New Gadgets, Versatile Utensils, üè° #shorts #short",12877399,"['Technology', 'Lifestyle']",2023-02-26T05:13:33Z
30,The New Honda Sensing Enabled City &amp; City e:HEV,14353562,"['Lifestyle', 'Vehicles']",2023-03-02T07:50:21Z
31,"Jaadui (Song) Tu Jhoothi Main Makkaar | Ranbir, Shraddha | Pritam | Jubin Nautiyal | Amitabh B",12739573,"['Music', 'Entertainment', 'Music of Asia', 'TV shows']",2023-03-11T09:31:46Z
32,"Gumraah (Official Trailer) Aditya Roy Kapur, Mrunal Thakur | Vardhan Ketkar | Murad K, Bhushan Kumar",12251920,"['Music', 'Entertainment', 'Music of Asia', 'TV shows']",2023-03-23T07:17:59Z
33,"Rocket Boys 2 | Streaming Now | Jim Sarbh, Ishwak Singh, Arjun Radhakrishnan, Regina Cassandra",13548539,"['Movies', 'Entertainment', 'TV shows']",2023-03-18T08:50:33Z
34,Kia&#39;s world of inspiration | #DesignedToInspire,12621318,"['Lifestyle', 'Vehicles']",2023-03-16T10:41:10Z
35,Ittar - Jasmine Sandlas | BPraak | Jaani | Arvindr Khaira | Desi Melodies,11493034,"['Music', 'Music of Asia', 'Pop music']",2023-03-07T09:30:02Z
36,"February 26, 2023",11296486,"['Entertainment', 'Lifestyle', 'Movies']",2023-02-26T11:22:47Z
37,Presenting the new Hero XOOM,11847097,"['Vehicles', 'Lifestyle']",2023-03-10T12:55:14Z
38,Mujhe Pyaar Hua Tha Ep 15 |Digitally Presented by Surf Excel &amp; Glow &amp; Lovely (Eng Sub) 20 March 2023,10878260,"['TV shows', 'Entertainment', 'Movies']",2023-03-20T18:05:54Z
39,Tere Bin Episode 27 Teaser - 23rd March 2023 - HAR PAL GEO,10576308,"['TV shows', 'Movies', 'Entertainment']",2023-03-23T16:45:01Z
40,Galaxy Book3 | Samsung,13846199,"['Lifestyle', 'Technology']",2023-03-17T08:30:10Z
41,Vlad and Niki Cube Challenge and funny kids stories with Baby Chris,10260500,"['Lifestyle', 'Hobby']",2023-03-14T06:00:16Z
42,#Video | ‡§®‡§æ‡§ó‡§ø‡§® | Nagin | #Trending Star Khesari Lal Yadav | Shweta Sharma |  Bhojpuri Gaana,10260641,"['Music of Asia', 'Music']",2023-03-23T01:30:10Z
43,üòÇSubscribe to watch more fun! #a18 ib: @ThemooneyBros #shorts #funny #react #duetify #trynottolaugh,9836002,"['Entertainment', 'Humor', 'Movies']",2023-02-26T10:00:00Z
44,Doubt to daring¬†| Xtreme 160R | Virat Kohli | #GoBoomGoXtreme,12397407,"['Lifestyle', 'Vehicles']",2023-02-28T04:29:29Z
45,The Superwoman | Tanishq,10463083,"['Lifestyle', 'Hobby']",2023-03-03T13:21:31Z
46,Bye bye background | Canva Videos,10122546,"['Lifestyle', 'Hobby', 'Technology', 'Knowledge']",2023-03-13T22:40:16Z
47,ICICI Lombard | Health AdvantEdge + BeFit Cover (15 Seconds),10332285,['Society'],2023-03-10T10:52:26Z
48,"Dotara (Video) Jubin Nautiyal, Mouni Roy, Payal Dev | Darsh Kothari,Vayu, BLM Studios| Bhushan Kumar",9578908,"['Music of Asia', 'TV shows', 'Music', 'Entertainment']",2023-03-21T05:30:11Z
49,All Rounders Face Off: Hardik v Jadeja | 31 Mar | Tata IPL 2023 | CSK vs GT,10496740,"['Entertainment', 'Cricket', 'Sports', 'Lifestyle']",2023-03-19T04:30:31Z
